Shirator,4840
DeeDeeMe,4424
Adam,4064
DeeDee,3314
NONAME,3293
Neftlix,3253
Dylan,3222
David,3014
BlackMan,2667
Giorno,2043
True,1906
NONAME,1904
True,1794
Giorno,1660
NONAME,1229
BigBees,1140
NONAME,972
NONAME,773
Deelan,762
NONAME,723
NONAME,702
Dorime,679
NONAME,672
NONAME,600
Dylan,455
NONAME,411
NONAME,327
NONAME,249
FokinEll,196
NONAME,184
NONAME,169
FokinEll,164
NONAME,162
NONAME,162
NONAME,161
NONAME,161
NONAME,159
NONAME,158
NONAME,155
NONAME,153
NONAME,152
NONAME,150
False,150
NONAME,149
NONAME,98
